id,family_name,given_name,cel_n0,tel_n0,birthdate,gender,ville_n0,commune_n0
1,Agah,Franck,764-983-7525 x45103,979-539-5743,11/24/1986,2,Nikolashaven,Apt. 563
2,Agah,Janel F.,764-983-7525 x45103,979-539-5743,11/24/1986,2,Nikolashaven,Apt. 563
3,Kouyate,Alain,930-654-5552 x0269,277.286.3579,10/23/1978,1,South Cedrickshire,Suite 534
4,Kouyate,Alan,930-654-5552 x0269,277.286.3579,10/23/1978,1,South Cedrickshire,Suite 534
5,Okia,Djolo Lyna,867.997.0182 x39946,726.250.8615 x2993,4/6/1974,1,Donnellyview,Suite 957
6,Kassil,Yvon,973.953.7233,821-922-6932 x094,5/23/1991,2,Jovaniberg,Suite 323
7,Kassil,Yvon,973.953.7233,821-922-6932 x094,5/23/1991,2,Jovaniberg,Suite 323
8,Okia,Djolo L.,867.997.0182 x39946,726.250.8615 x2993,4/6/1974,1,Donnellyview,Suite 957
9,Medhurst,Essie,556-539-2898,(739) 473-8335,12/30/1996,2,West Eltabury,Suite 744
10,Agah,Peggy,470.649.6797 x1037,778.902.9454 x80224,5/2/1984,1,North Alden,Suite 841
11,Agah,Peggy Marlene,470.649.6797 x1037,778.902.9454 x80224,5/2/1984,1,North Alden,Suite 841
12,Kadjo,Sylvain,1-227-917-2157 x4360,463-211-5508,3/4/1995,1,New Art,Apt. 697
13,Kadio,Sylvain,1-227-917-2157 x4360,463-212-5508,3/4/1995,1,New Art,Apt. 697
14,Parker,Deanna,(207) 637-1374 x034,424.432.8819 x0346,9/15/1971,2,Consueloville,Apt. 896
15,Assogba,Mirabelle,(935) 468-2092 x88919,241.311.9479,3/12/1972,2,Erikburgh,Suite 544
16,Willms,Misty,1-478-775-0947,1-263-452-1437 x7852,9/16/1970,2,Hollyfurt,Suite 237
17,Assogba,Mirabelle,(935) 468-2092 x88919,241.311.9479,3/12/1972,2,Erikburgh,Suite 544
18,Agah,Lya,468.757.8563,739.617.7718,8/17/1990,2,New Joshuah,Apt. 819
19,Hoppe,Paula,(954) 812-1362,219.263.4667,10/26/1996,2,Myronton,Apt. 420
20,Assamoi,Pierre,(802) 303-2213 x62854,(871) 687-7252 x032,12/24/1989,1,Watsicahaven,Apt. 188
21,Davis,Billie,(897) 765-8517 x145,(266) 828-9090,5/4/1972,2,Giovanniport,Suite 838
22,Assamio,Pierre,(802) 303-2213 x62854,(871) 687-7252 x032,12/24/1989,1,Watsicahaven,Apt. 188
23,Kone,Souleymane,510-357-3621 x5485,(434) 719-0501 x012,2/6/1986,2,Arvelville,Suite 225
24,Gottlieb,Bethany,732.950.1843 x1556,1-541-225-9700 x15361,6/5/1970,1,Schummview,Suite 967
25,Kone,Souleymane N.,510-357-3621 x5485,(434) 719-0501 x012,2/6/1986,2,Arvelville,Suite 225
26,Monahan,Jane,1-308-554-3637 x254,(891) 923-2780,2/15/1988,2,New Elisha,Suite 231
27,Agah,Lyran,(728) 341-1632 x28875,935.351.8612,9/20/1980,2,Danielbury,Apt. 086
28,Block,Beatrice,932.391.2576,(950) 515-8474,8/20/1988,1,Kathrynton,Apt. 205
29,Agah,Lyran,(728) 341-1632 x28875,935.351.8612,9/20/1980,2,Danielbury,Apt. 086
30,Agah,Lya,468.757.8563,739.617.7718,8/17/1990,2,New Joshuah,Apt. 819
31,Metz,Joyce,670.734.1377,927-528-9054 x193,3/13/1984,1,New Nick,Apt. 215
32,Bode,Laverne,1-663-614-5430 x28264,736.834.3522 x950,4/17/1977,2,South Valentinestad,Apt. 448
33,Steuber,Leslie,(809) 282-0664 x24082,606-939-6434 x1046,10/13/1999,2,New Chris,Suite 681
34,Ritchie,Tanya,1-760-368-9581 x1315,693.229.2028 x0048,5/26/1972,2,Mrazview,Apt. 989
35,Nienow,Molly,760-465-0750,1-492-420-0440 x962,9/3/1980,1,North Shaniya,Apt. 250
36,Marks,Gwendolyn,893.992.2817,679.207.9314 x9441,1/30/2000,2,North Wallaceport,Apt. 910
37,Miller,Sue,1-249-924-6383 x41737,825-918-2785,1/14/1988,2,West Rickeyview,Apt. 273
38,Legros,Marguerite,743-465-8516,815.827.6172 x59691,2/12/1988,1,Brakusville,Suite 561
39,Barrows,Teri,561.771.4218,(437) 381-8973,10/29/1970,2,East Josue,Apt. 020
40,Lang,Maggie,598-250-2082 x662,338-652-2029,1/16/1970,2,West Rylan,Apt. 723
41,Gorczany,Ramona,203-949-0256,1-972-492-0665,3/1/1982,2,East Jonathantown,Suite 633
42,Kuphal,Patricia,306-300-9112 x700,341-919-5693,10/26/1987,1,Chandlershire,Apt. 839
43,Luettgen,Kathleen,1-305-762-6940 x6888,(481) 789-3233 x745,6/12/1999,1,New Queenland,Apt. 051
44,Brown,Gloria,(428) 937-4763 x57558,820-715-2973 x7597,1/13/1988,1,Kerlukeside,Suite 983
45,Pfeffer,Marilyn,1-445-608-4232,391-200-6335 x457,4/21/1973,1,Sheridanmouth,Suite 849
46,Larson,Jenna,1-647-982-7655,463.934.2608,11/25/1982,1,Hesselfort,Apt. 584
47,Fahey,Gloria,1-948-349-9703 x37842,1-558-751-5295 x417,11/23/1997,2,Amirland,Apt. 487
48,Abshire,Terry,1-583-657-7906 x646,1-493-693-3317 x863,6/8/1972,2,Lake Kareemstad,Apt. 426
49,Thompson,Joanne,866-633-1249 x08359,(627) 389-0742 x8922,1/21/1979,1,Jenkinston,Suite 283
50,Beatty,Elena,1-548-819-5321 x4883,(766) 772-2550,1/9/1971,2,South Ivyshire,Apt. 719